{"stats":{"minecraft:mined":{"minecraft:grass_block":2},"minecraft:custom":{"minecraft:jump":38,"minecraft:open_chest":2,"minecraft:time_since_rest":2148,"minecraft:leave_game":1,"minecraft:damage_dealt":40,"minecraft:sprint_one_cm":7140,"minecraft:play_time":2148,"minecraft:damage_taken":40,"minecraft:time_since_death":2148,"minecraft:walk_one_cm":5049,"minecraft:total_world_time":2148,"minecraft:drop":1,"minecraft:fall_one_cm":2691,"minecraft:fly_one_cm":10694},"minecraft:used":{"minecraft:dirt":1},"minecraft:dropped":{"minecraft:dirt":1},"minecraft:picked_up":{"minecraft:dirt":2}},"DataVersion":3953}